<?xml version="1.0" encoding="UTF-8" ?>
<!DOCTYPE configuration
        PUBLIC "-//mybatis.org//DTD Config 3.0//EN"
        "http://mybatis.org/dtd/mybatis-3-config.dtd">
<configuration>
    <!-- 环境配置 -->
    <!-- 加载类路径下的属性⽂件 -->
    <properties resource="db.properties"/>
    <settings>
        <setting name="lazyLoadingEnabled" value="true"/>
        <setting name="aggressiveLazyLoading" value="false"/>
    </settings>

    <!--使用扫描包的形式定义别名-->
    <typeAliases>
        <package name="com.itheima.pojo"/>
    </typeAliases>

    <environments default="development">
        <environment id="development">
            <transactionManager type="JDBC"/>
            <!-- 数据库连接相关配置 ,db.properties⽂件中的内容-->
            <dataSource type="POOLED">
                <property name="driver" value="${mysql.driver}"/>
                <property name="url" value="${mysql.url}"/>
                <property name="username" value="${mysql.username}"/>
                <property name="password" value="${mysql.password}"/>
            </dataSource>
        </environment>
    </environments>
    <mappers>
        <mapper resource="com/itheima/mapper/CourseMapper.xml"/>
        <mapper resource="com/itheima/mapper/SchoolMapper.xml"/>
    </mappers>
</configuration>